{
  "train_loss": [
    0.6943804621696472,
    0.6923019940202887,
    0.6855998255989768,
    0.6794872283935547,
    0.6561475396156311,
    0.6033971418033947,
    0.4756492999466983,
    0.30754630132154986,
    0.18662476404146713,
    0.1362382329323075,
    0.10204878415573727,
    0.0888920199464668,
    0.06670912930911238,
    0.07682786729525436,
    0.05066183962943879
  ],
  "train_acc": [
    49.705882352941174,
    53.529411764705884,
    63.8235294117647,
    62.05882352941177,
    74.70588235294117,
    80.88235294117646,
    87.94117647058823,
    92.3529411764706,
    94.11764705882354,
    94.70588235294117,
    96.17647058823529,
    96.47058823529412,
    97.6470588235294,
    97.05882352941177,
    97.3529411764706
  ],
  "val_loss": [
    0.6975906193256378,
    0.6933673620223999,
    0.6841730773448944,
    0.6698589324951172,
    0.6328598260879517,
    0.5408122539520264,
    0.3778625726699829,
    0.2427777647972107,
    0.18920358270406723,
    0.1682099625468254,
    0.16410236805677414,
    0.16400960087776184,
    0.15631764382123947,
    0.1490006446838379,
    0.14560476690530777
  ],
  "val_acc": [
    43.333333333333336,
    43.333333333333336,
    73.33333333333333,
    61.666666666666664,
    71.66666666666667,
    83.33333333333333,
    90.0,
    90.0,
    90.0,
    93.33333333333333,
    91.66666666666667,
    93.33333333333333,
    91.66666666666667,
    93.33333333333333,
    91.66666666666667
  ]
}